id,name,address,salary
1,john,somecity,22000
2,john,somecity,22001
3,john,somecity,22002
4,john,somecity,22003
5,john,somecity,22004
6,john,somecity,22005
7,john,somecity,22006
8,john,somecity,22007
9,john,somecity,22008
10,john,somecity,22009
11,john,somecity,22010
12,john,somecity,22011
13,john,somecity,22012
14,john,somecity,22013
15,john,somecity,22014
16,john,somecity,22015
17,john,somecity,22016
18,john,somecity,22017
19,john,somecity,22018
20,john,somecity,22019
21,john,somecity,22020
22,john,somecity,22021
23,john,somecity,22022
24,john,somecity,22023
25,john,somecity,22024
26,john,somecity,22025
27,john,somecity,22026
28,john,somecity,22027
29,john,somecity,22028
30,john,somecity,22029
31,john,somecity,22030
32,john,somecity,22031
33,john,somecity,22032
34,john,somecity,22033
35,john,somecity,22034
36,john,somecity,22035
37,john,somecity,22036
38,john,somecity,22037
39,john,somecity,22038
40,john,somecity,22039
41,john,somecity,22040
42,john,somecity,22041
43,john,somecity,22042
44,john,somecity,22043
45,john,somecity,22044
46,john,somecity,22045
47,john,somecity,22046
48,john,somecity,22047
49,john,somecity,22048
50,john,somecity,22049
51,john,somecity,22050
52,john,somecity,22051
53,john,somecity,22052
54,john,somecity,22053
55,john,somecity,22054
56,john,somecity,22055
57,john,somecity,22056
58,john,somecity,22057
59,john,somecity,22058
60,john,somecity,22059
61,john,somecity,22060
62,john,somecity,22061
63,john,somecity,22062
64,john,somecity,22063
65,john,somecity,22064
66,john,somecity,22065
67,john,somecity,22066
68,john,somecity,22067
69,john,somecity,22068
70,john,somecity,22069
71,john,somecity,22070
72,john,somecity,22071
73,john,somecity,22072
74,john,somecity,22073
75,john,somecity,22074
76,john,somecity,22075
77,john,somecity,22076
78,john,somecity,22077
79,john,somecity,22078
80,john,somecity,22079
81,john,somecity,22080
82,john,somecity,22081
83,john,somecity,22082
84,john,somecity,22083
85,john,somecity,22084
86,john,somecity,22085
87,john,somecity,22086
88,john,somecity,22087
89,john,somecity,22088
90,john,somecity,22089
91,john,somecity,22090
92,john,somecity,22091
93,john,somecity,22092
94,john,somecity,22093
95,john,somecity,22094
96,john,somecity,22095
97,john,somecity,22096
98,john,somecity,22097
99,john,somecity,22098
100,john,somecity,22099
101,john,somecity,22100
102,john,somecity,22101
103,john,somecity,22102
104,john,somecity,22103
105,john,somecity,22104
106,john,somecity,22105
107,john,somecity,22106
108,john,somecity,22107
109,john,somecity,22108
110,john,somecity,22109
111,john,somecity,22110
112,john,somecity,22111
113,john,somecity,22112
114,john,somecity,22113
115,john,somecity,22114
116,john,somecity,22115
117,john,somecity,22116
118,john,somecity,22117
119,john,somecity,22118
120,john,somecity,22119
121,john,somecity,22120
122,john,somecity,22121
123,john,somecity,22122
124,john,somecity,22123
125,john,somecity,22124
126,john,somecity,22125
127,john,somecity,22126
128,john,somecity,22127
129,john,somecity,22128
130,john,somecity,22129
131,john,somecity,22130
132,john,somecity,22131
133,john,somecity,22132
134,john,somecity,22133
135,john,somecity,22134
136,john,somecity,22135
137,john,somecity,22136
138,john,somecity,22137
139,john,somecity,22138
140,john,somecity,22139
141,john,somecity,22140
142,john,somecity,22141
143,john,somecity,22142
144,john,somecity,22143
145,john,somecity,22144
146,john,somecity,22145
147,john,somecity,22146
148,john,somecity,22147
149,john,somecity,22148
150,john,somecity,22149
151,john,somecity,22150
152,john,somecity,22151
153,john,somecity,22152
154,john,somecity,22153
155,john,somecity,22154
156,john,somecity,22155
157,john,somecity,22156
158,john,somecity,22157
159,john,somecity,22158
160,john,somecity,22159
161,john,somecity,22160
162,john,somecity,22161
163,john,somecity,22162
164,john,somecity,22163
165,john,somecity,22164
166,john,somecity,22165
167,john,somecity,22166
168,john,somecity,22167
169,john,somecity,22168
170,john,somecity,22169
171,john,somecity,22170
172,john,somecity,22171
173,john,somecity,22172
174,john,somecity,22173
175,john,somecity,22174
176,john,somecity,22175
177,john,somecity,22176
178,john,somecity,22177
179,john,somecity,22178
180,john,somecity,22179
181,john,somecity,22180
182,john,somecity,22181
183,john,somecity,22182
184,john,somecity,22183
185,john,somecity,22184
186,john,somecity,22185
187,john,somecity,22186
188,john,somecity,22187
189,john,somecity,22188
190,john,somecity,22189
191,john,somecity,22190
192,john,somecity,22191
193,john,somecity,22192
194,john,somecity,22193
195,john,somecity,22194
196,john,somecity,22195
197,john,somecity,22196
198,john,somecity,22197
199,john,somecity,22198
200,john,somecity,22199
201,john,somecity,22200
202,john,somecity,22201
203,john,somecity,22202
204,john,somecity,22203
205,john,somecity,22204
206,john,somecity,22205
207,john,somecity,22206
208,john,somecity,22207
209,john,somecity,22208
210,john,somecity,22209
211,john,somecity,22210
212,john,somecity,22211
213,john,somecity,22212
214,john,somecity,22213
215,john,somecity,22214
216,john,somecity,22215
217,john,somecity,22216
218,john,somecity,22217
219,john,somecity,22218
220,john,somecity,22219
221,john,somecity,22220
222,john,somecity,22221
223,john,somecity,22222
224,john,somecity,22223
225,john,somecity,22224
226,john,somecity,22225
227,john,somecity,22226
228,john,somecity,22227
229,john,somecity,22228
230,john,somecity,22229
231,john,somecity,22230
232,john,somecity,22231
233,john,somecity,22232
234,john,somecity,22233
235,john,somecity,22234
236,john,somecity,22235
237,john,somecity,22236
238,john,somecity,22237
239,john,somecity,22238
240,john,somecity,22239
241,john,somecity,22240
242,john,somecity,22241
243,john,somecity,22242
244,john,somecity,22243
245,john,somecity,22244
246,john,somecity,22245
247,john,somecity,22246
248,john,somecity,22247
249,john,somecity,22248
250,john,somecity,22249
251,john,somecity,22250
252,john,somecity,22251
253,john,somecity,22252
254,john,somecity,22253
255,john,somecity,22254
256,john,somecity,22255
257,john,somecity,22256
258,john,somecity,22257
259,john,somecity,22258
260,john,somecity,22259
261,john,somecity,22260
262,john,somecity,22261
263,john,somecity,22262
264,john,somecity,22263
265,john,somecity,22264
266,john,somecity,22265
267,john,somecity,22266
268,john,somecity,22267
269,john,somecity,22268
270,john,somecity,22269
271,john,somecity,22270
272,john,somecity,22271
273,john,somecity,22272
274,john,somecity,22273
275,john,somecity,22274
276,john,somecity,22275
277,john,somecity,22276
278,john,somecity,22277
279,john,somecity,22278
280,john,somecity,22279
281,john,somecity,22280
282,john,somecity,22281
283,john,somecity,22282
284,john,somecity,22283
285,john,somecity,22284
286,john,somecity,22285
287,john,somecity,22286
288,john,somecity,22287
289,john,somecity,22288
290,john,somecity,22289
291,john,somecity,22290
292,john,somecity,22291
293,john,somecity,22292
294,john,somecity,22293
295,john,somecity,22294
296,john,somecity,22295
297,john,somecity,22296
298,john,somecity,22297
299,john,somecity,22298
300,john,somecity,22299
301,john,somecity,22300
302,john,somecity,22301
303,john,somecity,22302
304,john,somecity,22303
305,john,somecity,22304
306,john,somecity,22305
307,john,somecity,22306
308,john,somecity,22307
309,john,somecity,22308
310,john,somecity,22309
311,john,somecity,22310
312,john,somecity,22311
313,john,somecity,22312
314,john,somecity,22313
315,john,somecity,22314
316,john,somecity,22315
317,john,somecity,22316
318,john,somecity,22317
319,john,somecity,22318
320,john,somecity,22319
321,john,somecity,22320
322,john,somecity,22321
323,john,somecity,22322
324,john,somecity,22323
325,john,somecity,22324
326,john,somecity,22325
327,john,somecity,22326
328,john,somecity,22327
329,john,somecity,22328
330,john,somecity,22329
331,john,somecity,22330
332,john,somecity,22331
333,john,somecity,22332
334,john,somecity,22333
335,john,somecity,22334
336,john,somecity,22335
337,john,somecity,22336
338,john,somecity,22337
339,john,somecity,22338
340,john,somecity,22339
341,john,somecity,22340
342,john,somecity,22341
343,john,somecity,22342
344,john,somecity,22343
345,john,somecity,22344
346,john,somecity,22345
347,john,somecity,22346
348,john,somecity,22347
349,john,somecity,22348
350,john,somecity,22349
351,john,somecity,22350
352,john,somecity,22351
353,john,somecity,22352
354,john,somecity,22353
355,john,somecity,22354
356,john,somecity,22355
357,john,somecity,22356
358,john,somecity,22357
359,john,somecity,22358
360,john,somecity,22359
361,john,somecity,22360
362,john,somecity,22361
363,john,somecity,22362
364,john,somecity,22363
365,john,somecity,22364
366,john,somecity,22365
367,john,somecity,22366
368,john,somecity,22367
369,john,somecity,22368
370,john,somecity,22369
371,john,somecity,22370
372,john,somecity,22371
373,john,somecity,22372
374,john,somecity,22373
375,john,somecity,22374
376,john,somecity,22375
377,john,somecity,22376
378,john,somecity,22377
379,john,somecity,22378
380,john,somecity,22379
381,john,somecity,22380
382,john,somecity,22381
383,john,somecity,22382
384,john,somecity,22383
385,john,somecity,22384
386,john,somecity,22385
387,john,somecity,22386
388,john,somecity,22387
389,john,somecity,22388
390,john,somecity,22389
391,john,somecity,22390
392,john,somecity,22391
393,john,somecity,22392
394,john,somecity,22393
395,john,somecity,22394
396,john,somecity,22395
397,john,somecity,22396
398,john,somecity,22397
399,john,somecity,22398
400,john,somecity,22399
401,john,somecity,22400
402,john,somecity,22401
403,john,somecity,22402
404,john,somecity,22403
405,john,somecity,22404
406,john,somecity,22405
407,john,somecity,22406
408,john,somecity,22407
409,john,somecity,22408
410,john,somecity,22409
411,john,somecity,22410
412,john,somecity,22411
413,john,somecity,22412
414,john,somecity,22413
415,john,somecity,22414
416,john,somecity,22415
417,john,somecity,22416
418,john,somecity,22417
419,john,somecity,22418
420,john,somecity,22419
421,john,somecity,22420
422,john,somecity,22421
423,john,somecity,22422
424,john,somecity,22423
425,john,somecity,22424
426,john,somecity,22425
427,john,somecity,22426
428,john,somecity,22427
429,john,somecity,22428
430,john,somecity,22429
431,john,somecity,22430
432,john,somecity,22431
433,john,somecity,22432
434,john,somecity,22433
435,john,somecity,22434
436,john,somecity,22435
437,john,somecity,22436
438,john,somecity,22437
439,john,somecity,22438
440,john,somecity,22439
441,john,somecity,22440
442,john,somecity,22441
443,john,somecity,22442
444,john,somecity,22443
445,john,somecity,22444
446,john,somecity,22445
447,john,somecity,22446
448,john,somecity,22447
449,john,somecity,22448
450,john,somecity,22449
451,john,somecity,22450
452,john,somecity,22451
453,john,somecity,22452
454,john,somecity,22453
455,john,somecity,22454
456,john,somecity,22455
457,john,somecity,22456
458,john,somecity,22457
459,john,somecity,22458
460,john,somecity,22459
461,john,somecity,22460
462,john,somecity,22461
463,john,somecity,22462
464,john,somecity,22463
465,john,somecity,22464
466,john,somecity,22465
467,john,somecity,22466
468,john,somecity,22467
469,john,somecity,22468
470,john,somecity,22469
471,john,somecity,22470
472,john,somecity,22471
473,john,somecity,22472
474,john,somecity,22473
475,john,somecity,22474
476,john,somecity,22475
477,john,somecity,22476
478,john,somecity,22477
479,john,somecity,22478
480,john,somecity,22479
481,john,somecity,22480
482,john,somecity,22481
483,john,somecity,22482
484,john,somecity,22483
485,john,somecity,22484
486,john,somecity,22485
487,john,somecity,22486
488,john,somecity,22487
489,john,somecity,22488
490,john,somecity,22489
491,john,somecity,22490
492,john,somecity,22491
493,john,somecity,22492
494,john,somecity,22493
495,john,somecity,22494
496,john,somecity,22495
497,john,somecity,22496
498,john,somecity,22497
499,john,somecity,22498
500,john,somecity,22499
501,john,somecity,22500
502,john,somecity,22501
503,john,somecity,22502
504,john,somecity,22503
505,john,somecity,22504
506,john,somecity,22505
507,john,somecity,22506
508,john,somecity,22507
509,john,somecity,22508
510,john,somecity,22509
511,john,somecity,22510
512,john,somecity,22511
513,john,somecity,22512
514,john,somecity,22513
515,john,somecity,22514
516,john,somecity,22515
517,john,somecity,22516
518,john,somecity,22517
519,john,somecity,22518
520,john,somecity,22519
521,john,somecity,22520
522,john,somecity,22521
523,john,somecity,22522
524,john,somecity,22523
525,john,somecity,22524
526,john,somecity,22525
527,john,somecity,22526
528,john,somecity,22527
529,john,somecity,22528
530,john,somecity,22529
531,john,somecity,22530
532,john,somecity,22531
533,john,somecity,22532
534,john,somecity,22533
535,john,somecity,22534
536,john,somecity,22535
537,john,somecity,22536
538,john,somecity,22537
539,john,somecity,22538
540,john,somecity,22539
541,john,somecity,22540
542,john,somecity,22541
543,john,somecity,22542
544,john,somecity,22543
545,john,somecity,22544
546,john,somecity,22545
547,john,somecity,22546
548,john,somecity,22547
549,john,somecity,22548
550,john,somecity,22549
551,john,somecity,22550
552,john,somecity,22551
553,john,somecity,22552
554,john,somecity,22553
555,john,somecity,22554
556,john,somecity,22555
557,john,somecity,22556
558,john,somecity,22557
559,john,somecity,22558
560,john,somecity,22559
561,john,somecity,22560
562,john,somecity,22561
563,john,somecity,22562
564,john,somecity,22563
565,john,somecity,22564
566,john,somecity,22565
567,john,somecity,22566
568,john,somecity,22567
569,john,somecity,22568
570,john,somecity,22569
571,john,somecity,22570
572,john,somecity,22571
573,john,somecity,22572
574,john,somecity,22573
575,john,somecity,22574
576,john,somecity,22575
577,john,somecity,22576
578,john,somecity,22577
579,john,somecity,22578
580,john,somecity,22579
581,john,somecity,22580
582,john,somecity,22581
583,john,somecity,22582
584,john,somecity,22583
585,john,somecity,22584
586,john,somecity,22585
587,john,somecity,22586
588,john,somecity,22587
589,john,somecity,22588
590,john,somecity,22589
591,john,somecity,22590
592,john,somecity,22591
593,john,somecity,22592
594,john,somecity,22593
595,john,somecity,22594
596,john,somecity,22595
597,john,somecity,22596
598,john,somecity,22597
599,john,somecity,22598
600,john,somecity,22599
601,john,somecity,22600
602,john,somecity,22601
603,john,somecity,22602
604,john,somecity,22603
605,john,somecity,22604
606,john,somecity,22605
607,john,somecity,22606
608,john,somecity,22607
609,john,somecity,22608
610,john,somecity,22609
611,john,somecity,22610
612,john,somecity,22611
613,john,somecity,22612
614,john,somecity,22613
615,john,somecity,22614
616,john,somecity,22615
617,john,somecity,22616
618,john,somecity,22617
619,john,somecity,22618
620,john,somecity,22619
621,john,somecity,22620
622,john,somecity,22621
623,john,somecity,22622
624,john,somecity,22623
625,john,somecity,22624
626,john,somecity,22625
627,john,somecity,22626
628,john,somecity,22627
629,john,somecity,22628
630,john,somecity,22629
631,john,somecity,22630
632,john,somecity,22631
633,john,somecity,22632
634,john,somecity,22633
635,john,somecity,22634
636,john,somecity,22635
637,john,somecity,22636
638,john,somecity,22637
639,john,somecity,22638
640,john,somecity,22639
641,john,somecity,22640
642,john,somecity,22641
643,john,somecity,22642
644,john,somecity,22643
645,john,somecity,22644
646,john,somecity,22645
647,john,somecity,22646
648,john,somecity,22647
649,john,somecity,22648
650,john,somecity,22649
651,john,somecity,22650
652,john,somecity,22651
653,john,somecity,22652
654,john,somecity,22653
655,john,somecity,22654
656,john,somecity,22655
657,john,somecity,22656
658,john,somecity,22657
659,john,somecity,22658
660,john,somecity,22659
661,john,somecity,22660
662,john,somecity,22661
663,john,somecity,22662
664,john,somecity,22663
665,john,somecity,22664
666,john,somecity,22665
667,john,somecity,22666
668,john,somecity,22667
669,john,somecity,22668
670,john,somecity,22669
671,john,somecity,22670
672,john,somecity,22671
673,john,somecity,22672
674,john,somecity,22673
675,john,somecity,22674
676,john,somecity,22675
677,john,somecity,22676
678,john,somecity,22677
679,john,somecity,22678
680,john,somecity,22679
681,john,somecity,22680
682,john,somecity,22681
683,john,somecity,22682
684,john,somecity,22683
685,john,somecity,22684
686,john,somecity,22685
687,john,somecity,22686
688,john,somecity,22687
689,john,somecity,22688
690,john,somecity,22689
691,john,somecity,22690
692,john,somecity,22691
693,john,somecity,22692
694,john,somecity,22693
695,john,somecity,22694
696,john,somecity,22695
697,john,somecity,22696
698,john,somecity,22697
699,john,somecity,22698
700,john,somecity,22699
701,john,somecity,22700
702,john,somecity,22701
703,john,somecity,22702
704,john,somecity,22703
705,john,somecity,22704
706,john,somecity,22705
707,john,somecity,22706
708,john,somecity,22707
709,john,somecity,22708
710,john,somecity,22709
711,john,somecity,22710
712,john,somecity,22711
713,john,somecity,22712
714,john,somecity,22713
715,john,somecity,22714
716,john,somecity,22715
717,john,somecity,22716
718,john,somecity,22717
719,john,somecity,22718
720,john,somecity,22719
721,john,somecity,22720
722,john,somecity,22721
723,john,somecity,22722
724,john,somecity,22723
725,john,somecity,22724
726,john,somecity,22725
727,john,somecity,22726
728,john,somecity,22727
729,john,somecity,22728
730,john,somecity,22729
731,john,somecity,22730
732,john,somecity,22731
733,john,somecity,22732
734,john,somecity,22733
735,john,somecity,22734
736,john,somecity,22735
737,john,somecity,22736
738,john,somecity,22737
739,john,somecity,22738
740,john,somecity,22739
741,john,somecity,22740
742,john,somecity,22741
743,john,somecity,22742
744,john,somecity,22743
745,john,somecity,22744
746,john,somecity,22745
747,john,somecity,22746
748,john,somecity,22747
749,john,somecity,22748
750,john,somecity,22749
751,john,somecity,22750
752,john,somecity,22751
753,john,somecity,22752
754,john,somecity,22753
755,john,somecity,22754
756,john,somecity,22755
757,john,somecity,22756
758,john,somecity,22757
759,john,somecity,22758
760,john,somecity,22759
761,john,somecity,22760
762,john,somecity,22761
763,john,somecity,22762
764,john,somecity,22763
765,john,somecity,22764
766,john,somecity,22765
767,john,somecity,22766
768,john,somecity,22767
769,john,somecity,22768
770,john,somecity,22769
771,john,somecity,22770
772,john,somecity,22771
773,john,somecity,22772
774,john,somecity,22773
775,john,somecity,22774
776,john,somecity,22775
777,john,somecity,22776
778,john,somecity,22777
779,john,somecity,22778
780,john,somecity,22779
781,john,somecity,22780
782,john,somecity,22781
783,john,somecity,22782
784,john,somecity,22783
785,john,somecity,22784
786,john,somecity,22785
787,john,somecity,22786
788,john,somecity,22787
789,john,somecity,22788
790,john,somecity,22789
791,john,somecity,22790
792,john,somecity,22791
793,john,somecity,22792
794,john,somecity,22793
795,john,somecity,22794
796,john,somecity,22795
797,john,somecity,22796
798,john,somecity,22797
799,john,somecity,22798
800,john,somecity,22799
801,john,somecity,22800
802,john,somecity,22801
803,john,somecity,22802
804,john,somecity,22803
805,john,somecity,22804
806,john,somecity,22805
807,john,somecity,22806
808,john,somecity,22807
809,john,somecity,22808
810,john,somecity,22809
811,john,somecity,22810
812,john,somecity,22811
813,john,somecity,22812
814,john,somecity,22813
815,john,somecity,22814
816,john,somecity,22815
817,john,somecity,22816
818,john,somecity,22817
819,john,somecity,22818
820,john,somecity,22819
821,john,somecity,22820
822,john,somecity,22821
823,john,somecity,22822
824,john,somecity,22823
825,john,somecity,22824
826,john,somecity,22825
827,john,somecity,22826
828,john,somecity,22827
829,john,somecity,22828
830,john,somecity,22829
831,john,somecity,22830
832,john,somecity,22831
833,john,somecity,22832
834,john,somecity,22833
835,john,somecity,22834
836,john,somecity,22835
837,john,somecity,22836
838,john,somecity,22837
839,john,somecity,22838
840,john,somecity,22839
841,john,somecity,22840
842,john,somecity,22841
843,john,somecity,22842
844,john,somecity,22843
845,john,somecity,22844
846,john,somecity,22845
847,john,somecity,22846
848,john,somecity,22847
849,john,somecity,22848
850,john,somecity,22849
851,john,somecity,22850
852,john,somecity,22851
853,john,somecity,22852
854,john,somecity,22853
855,john,somecity,22854
856,john,somecity,22855
857,john,somecity,22856
858,john,somecity,22857
859,john,somecity,22858
860,john,somecity,22859
861,john,somecity,22860
862,john,somecity,22861
863,john,somecity,22862
864,john,somecity,22863
865,john,somecity,22864
866,john,somecity,22865
867,john,somecity,22866
868,john,somecity,22867
869,john,somecity,22868
870,john,somecity,22869
871,john,somecity,22870
872,john,somecity,22871
873,john,somecity,22872
874,john,somecity,22873
875,john,somecity,22874
876,john,somecity,22875
877,john,somecity,22876
878,john,somecity,22877
879,john,somecity,22878
880,john,somecity,22879
881,john,somecity,22880
882,john,somecity,22881
883,john,somecity,22882
884,john,somecity,22883
885,john,somecity,22884
886,john,somecity,22885
887,john,somecity,22886
888,john,somecity,22887
889,john,somecity,22888
890,john,somecity,22889
891,john,somecity,22890
892,john,somecity,22891
893,john,somecity,22892
894,john,somecity,22893
895,john,somecity,22894
896,john,somecity,22895
897,john,somecity,22896
898,john,somecity,22897
899,john,somecity,22898
900,john,somecity,22899
901,john,somecity,22900
902,john,somecity,22901
903,john,somecity,22902
904,john,somecity,22903
905,john,somecity,22904
906,john,somecity,22905
907,john,somecity,22906
908,john,somecity,22907
909,john,somecity,22908
910,john,somecity,22909
911,john,somecity,22910
912,john,somecity,22911
913,john,somecity,22912
914,john,somecity,22913
915,john,somecity,22914
916,john,somecity,22915
917,john,somecity,22916
918,john,somecity,22917
919,john,somecity,22918
920,john,somecity,22919
921,john,somecity,22920
922,john,somecity,22921
923,john,somecity,22922
924,john,somecity,22923
925,john,somecity,22924
926,john,somecity,22925
927,john,somecity,22926
928,john,somecity,22927
929,john,somecity,22928
930,john,somecity,22929
931,john,somecity,22930
932,john,somecity,22931
933,john,somecity,22932
934,john,somecity,22933
935,john,somecity,22934
936,john,somecity,22935
937,john,somecity,22936
938,john,somecity,22937
939,john,somecity,22938
940,john,somecity,22939
941,john,somecity,22940
942,john,somecity,22941
943,john,somecity,22942
944,john,somecity,22943
945,john,somecity,22944
946,john,somecity,22945
947,john,somecity,22946
948,john,somecity,22947
949,john,somecity,22948
950,john,somecity,22949
951,john,somecity,22950
952,john,somecity,22951
953,john,somecity,22952
954,john,somecity,22953
955,john,somecity,22954
956,john,somecity,22955
957,john,somecity,22956
958,john,somecity,22957
959,john,somecity,22958
960,john,somecity,22959
961,john,somecity,22960
962,john,somecity,22961
963,john,somecity,22962
964,john,somecity,22963
965,john,somecity,22964
966,john,somecity,22965
967,john,somecity,22966
968,john,somecity,22967
969,john,somecity,22968
970,john,somecity,22969
971,john,somecity,22970
972,john,somecity,22971
973,john,somecity,22972
974,john,somecity,22973
975,john,somecity,22974
976,john,somecity,22975
977,john,somecity,22976
978,john,somecity,22977
979,john,somecity,22978
980,john,somecity,22979
981,john,somecity,22980
982,john,somecity,22981
983,john,somecity,22982
984,john,somecity,22983
985,john,somecity,22984
986,john,somecity,22985
987,john,somecity,22986
988,john,somecity,22987
989,john,somecity,22988
990,john,somecity,22989
991,john,somecity,22990
992,john,somecity,22991
993,john,somecity,22992
994,john,somecity,22993
995,john,somecity,22994
996,john,somecity,22995
997,john,somecity,22996
998,john,somecity,22997
999,john,somecity,22998
1000,john,somecity,22999
1001,john,somecity,23000
1002,john,somecity,23001
1003,john,somecity,23002
1004,john,somecity,23003
1005,john,somecity,23004
1006,john,somecity,23005
1007,john,somecity,23006
1008,john,somecity,23007
1009,john,somecity,23008
1010,john,somecity,23009
1011,john,somecity,23010
1012,john,somecity,23011
1013,john,somecity,23012
1014,john,somecity,23013
1015,john,somecity,23014
1016,john,somecity,23015
1017,john,somecity,23016
1018,john,somecity,23017
1019,john,somecity,23018
1020,john,somecity,23019
1021,john,somecity,23020
1022,john,somecity,23021
1023,john,somecity,23022
1024,john,somecity,23023
1025,john,somecity,23024
1026,john,somecity,23025
1027,john,somecity,23004
